"Species","NMDS1","NMDS2","R_squared","P_value"
"S. cornuta",-0.664145435205722,-0.747603398129919,0.839769219405907,0.0333333333333333
